,main_category,word,value,tag
2,cat2,``,46,DET
811,cat1,presque,4,ADV
563,cat1,retirer,4,VERB
504,cat2,matelas,4,SPACE
401,cat1,satisfait,4,VERB
43,cat1,``,4,DET
783,cat1,multiple,4,NOUN
638,cat1,choix,3,NOUN
1784,cat1,rappeler,3,VERB
267,cat2,chaise,3,ADJ
122,cat2,chemise,3,NOUN
915,cat1,enqu√™te,3,NOUN
433,cat1,parvenir,3,VERB
713,cat2,certificat,3,NOUN
1245,cat1,inexister,3,VERB
1082,cat1,machine,3,NOUN
347,cat1,d√©plorable,3,ADJ
1228,cat1,premier,3,ADJ
389,cat1,fragile,3,PROPN
1233,cat1,malgr√©,3,ADP
387,cat1,partiellemer,3,VERB
1990,cat1,col√®re,3,ADJ
1866,cat1,d√©cevoir,3,VERB
1713,cat2,s√©jour,3,ADP
1717,cat1,d√©passer,3,VERB
1593,cat1,convier,3,NOUN
149,cat1,virement,3,VERB
580,cat2,kilogramme,3,NOUN
1009,cat1,cruellemer,2,VERB
345,cat2,sommier,2,ADJ
1900,cat1,fauteuil,2,NOUN
1308,cat1,s√©rieux,2,ADJ
1913,cat1,maintenant,2,ADV
329,cat1,juillet,2,NOUN
209,cat2,degr√©,2,ADJ
1415,cat1,introuvable,2,ADJ
1310,cat1,correctement,2,ADV
889,cat2,confirmation,2,NOUN
322,cat2,tv,2,DET
320,cat1,relancer,2,VERB
902,cat1,crier,2,ADJ
346,cat1,supprimer,2,VERB
186,cat2,cest,2,VERB
909,cat1,valider,2,VERB
1306,cat1,imb√©cile,2,ADJ
351,cat2,valise,2,VERB
868,cat1,rarement,2,ADV
865,cat1,√©ventrer,2,VERB
1889,cat1,d√©poser,2,VERB
1013,cat1,tjrs,2,VERB
1441,cat1,formater,2,VERB
179,cat1,mod√®le,2,NOUN
1444,cat2,bain,2,ADJ
1880,cat1,incapable,2,ADJ
175,cat2,ü§î,2,VERB
171,cat1,exemple,2,NOUN
170,cat2,emballage,2,NOUN
1874,cat1,ab√Æm√©,2,NOUN
307,cat1,ab√Æmer,2,VERB
296,cat1,anciennement,2,NOUN
1940,cat1,inutilisable,2,ADJ
1370,cat1,difficilemer,2,VERB
983,cat1,raccrocher,2,VERB
1337,cat2,appara√Ætre,2,VERB
972,cat1,dyson,2,NOUN
228,cat1,foutre,2,VERB
235,cat1,coordonn√©e,2,VERB
961,cat1,raimer,2,VERB
1989,cat1,professionnel,2,NOUN
1323,cat1,plaque,2,ADJ
957,cat1,fuyez,2,VERB
247,cat1,bloquer,2,VERB
252,cat2,acheteur,2,ADJ
1361,cat1,actuel,2,ADJ
944,cat1,relation,2,NOUN
939,cat1,recommanderai,2,ADJ
914,cat1,confinemer,2,VERB
1321,cat1,concurrence,2,NOUN
1317,cat1,dizaine,2,NOUN
376,cat1,couvercle,2,NOUN
935,cat1,etre,2,VERB
1379,cat1,centre,2,NOUN
1382,cat1,terminer,2,VERB
926,cat1,avance,2,NOUN
1383,cat2,plante,2,ADJ
286,cat1,manquant,2,VERB
291,cat1,r√©gler,2,VERB
294,cat2,√©lastique,2,ADJ
1003,cat2,h√¥tel,2,NOUN
214,cat1,couronner,2,VERB
1967,cat1,r√©ellement,2,ADV
832,cat1,hyper,2,VERB
1871,cat1,d√©faut,2,NOUN
384,cat1,vider,2,VERB
1555,cat1,nouvelle,2,ADJ
738,cat1,visibilit√©,2,NOUN
1751,cat1,shampoing,2,NOUN
1545,cat1,pantalon,2,ADJ
743,cat1,path√©tique,2,NOUN
515,cat2,fauteuil,2,NOUN
510,cat1,fuire,2,VERB
1530,cat2,barbecue,2,ADJ
1525,cat1,chance,2,NOUN
495,cat1,salon,2,NOUN
768,cat1,abonnemer,2,VERB
769,cat1,√©changer,2,VERB
771,cat1,√©volution,2,NOUN
488,cat1,double,2,PROPN
779,cat1,facturation,2,NOUN
1557,cat1,trois,2,NUM
1575,cat2,imputable,2,ADJ
709,cat1,marchandise,2,NOUN
1615,cat1,laid,2,PROPN
1630,cat1,dossier,2,NOUN
622,cat1,vraie,2,VERB
621,cat2,bye,2,X
657,cat1,boucle,2,NOUN
1623,cat1,z√©ro,2,NOUN
1668,cat1,partie,2,NOUN
1672,cat1,effort,2,NOUN
1582,cat1,incomp√©ter,2,VERB
1680,cat1,attractif,2,ADJ
676,cat2,millier,2,VERB
1694,cat1,recherche,2,NOUN
691,cat1,original,2,ADJ
577,cat1,banque,2,NOUN
1705,cat1,regrette,2,NOUN
781,cat1,avertir,2,VERB
1794,cat1,transporteur,2,NOUN
475,cat1,contrepartie,2,NOUN
413,cat1,livreur,2,NOUN
1833,cat1,marcher,2,VERB
1484,cat1,incomp√©tent,2,VERB
422,cat1,servir,2,ADJ
1844,cat1,gestion,2,NOUN
415,cat1,pile,2,VERB
414,cat1,moiti√©,2,NOUN
412,cat1,livr√©e,2,VERB
434,cat1,√©craser,2,VERB
825,cat1,premiere,2,VERB
409,cat1,prestataire,2,ADJ
403,cat1,bague,2,NOUN
1294,cat1,exorbiter,2,VERB
399,cat1,insatisfaire,2,VERB
393,cat1,peine,2,NOUN
1831,cat1,effectuer,2,VERB
440,cat2,notice,2,NOUN
474,cat1,catastrophe,2,NOUN
1806,cat1,arnaquer,2,VERB
1509,cat1,remiser,2,VERB
469,cat1,command√©,2,VERB
787,cat2,domicile,2,ADJ
464,cat1,bo√Æte,2,NOUN
461,cat1,demie,2,NOUN
792,cat1,mentir,2,ADJ
1811,cat2,pr√©vue,2,NOUN
1823,cat2,hs,2,PROPN
453,cat1,conforme,2,ADJ
1498,cat1,parfois,2,ADV
801,cat1,tromper,2,VERB
802,cat1,selon,2,ADP
1495,cat1,actuellement,2,ADV
1819,cat1,justificatif,2,NOUN
1025,cat1,fossil,2,NOUN
1166,cat1,souhaiter,2,VERB
1180,cat1,renverser,2,VERB
37,cat1,escroc,2,AUX
98,cat2,portable,2,ADJ
95,cat2,inacceptable,2,ADJ
1260,cat1,pr√©lever,2,VERB
1172,cat1,robe,2,ADJ
1192,cat1,boite,2,PROPN
1215,cat1,produire,2,VERB
10,cat1,boiter,2,VERB
90,cat1,pitoyable,2,ADJ
15,cat2,chronopost,2,PROPN
148,cat1,remercier,2,VERB
101,cat1,pointer,2,VERB
46,cat2,coussin,2,PROPN
1155,cat1,deuxi√®me,2,ADJ
91,cat1,confirmer,2,VERB
1174,cat1,cordialement,2,VERB
1263,cat1,utilisation,2,NOUN
1136,cat1,absolument,2,ADV
1047,cat1,veste,2,NOUN
1276,cat1,plainte,2,NOUN
1046,cat1,endommager,2,VERB
145,cat1,meuble,2,ADJ
133,cat2,üò°,2,VERB
1110,cat1,attention,2,NOUN
1093,cat1,tomber,2,VERB
1138,cat1,niveau,2,NOUN
1287,cat1,accus√©,2,VERB
1070,cat1,obliger,2,VERB
73,cat1,poubelle,2,NOUN
1127,cat1,attente,2,NOUN
20,cat1,d√©caler,2,VERB
2173,cat1,espace,2,NOUN
120,cat1,totalit√©,2,NOUN
72,cat1,clairement,2,ADV
1227,cat1,s√ªrement,2,ADV
1071,cat1,pratiquer,2,VERB
1162,cat1,taille,2,NOUN
1168,cat1,emballage,2,NOUN
139,cat1,habite,2,NOUN
21,cat1,victime,2,ADJ
52,cat1,belgique,2,ADJ
1187,cat1,derri√®re,2,ADP
105,cat1,converse,2,VERB
1139,cat1,d√©fectueux,2,ADJ
1283,cat1,respecter,2,VERB
1200,cat1,habitude,1,NOUN
1197,cat1,mien,1,NOUN
1199,cat1,plupart,1,NOUN
1512,cat2,dispose,1,VERB
1513,cat1,√©tape,1,NOUN
1511,cat1,acc√©der,1,VERB
1198,cat2,√©l√©ment,1,NOUN
1514,cat1,juridiquement,1,ADV
1515,cat2,shirt,1,VERB
1516,cat2,texto,1,ADJ
1293,cat1,bonheur,1,NOUN
1517,cat2,contretemps,1,ADJ
1528,cat2,octobre,1,NOUN
1538,cat1,bravo,1,PROPN
1537,cat1,abuser,1,VERB
1536,cat1,chz,1,NOUN
1191,cat1,ds,1,VERB
1535,cat2,sympa,1,ADJ
1534,cat1,courant,1,NOUN
1533,cat2,ultraplat,1,NOUN
1532,cat2,sourde,1,ADJ
1531,cat1,copier,1,NOUN
1529,cat2,taupe,1,NOUN
1527,cat1,√©tonnemer,1,VERB
1518,cat2,colossal,1,PROPN
1526,cat1,renvoyez,1,PROPN
1524,cat2,refaire,1,NOUN
1523,cat1,partager,1,VERB
1521,cat2,new,1,PRON
1193,cat1,geste,1,NOUN
1520,cat2,m√©prisant,1,ADJ
1194,cat1,ferai,1,ADJ
1195,cat1,pouer,1,VERB
1519,cat2,quart,1,NOUN
1196,cat2,bpite,1,NOUN
1522,cat2,realitede,1,VERB
1504,cat2,appels,1,NOUN
1510,cat1,lacunaire,1,ADJ
1493,cat2,alerter,1,VERB
1214,cat1,detr,1,NOUN
1491,cat2,vitesse,1,NOUN
1490,cat2,contraindre,1,VERB
1489,cat2,friday,1,NOUN
1488,cat2,precieus,1,NOUN
1216,cat2,micro-ond,1,NOUN
1217,cat1,renseign,1,NOUN
1487,cat2,pied,1,ADJ
1486,cat1,exercer,1,VERB
1218,cat1,bonsoir,1,VERB
1485,cat2,supporter,1,VERB
1219,cat1,shirt,1,VERB
1220,cat1,√©parpiller,1,VERB
1483,cat2,innovant,1,VERB
1482,cat1,journ√©e,1,VERB
1481,cat2,leader,1,VERB
1480,cat1,reduction,1,NOUN
1479,cat2,completer,1,VERB
1478,cat2,appareil,1,NOUN
1477,cat1,n√©gociation,1,NOUN
1476,cat2,employer,1,VERB
1475,cat2,emmerde,1,NOUN
1221,cat1,paupiere,1,NOUN
1492,cat1,compter,1,VERB
1494,cat2,inculte,1,VERB
1201,cat1,paquet,1,NOUN
1213,cat1,quatre,1,NUM
1202,cat1,abstenir,1,VERB
1508,cat2,√©teindre,1,VERB
1507,cat1,ach√®t,1,VERB
1506,cat2,destockage,1,NOUN
1203,cat1,√©norm√©mer,1,VERB
1505,cat2,juridique,1,ADJ
1190,cat1,poste,1,NOUN
1204,cat1,insatisfait,1,VERB
1205,cat2,jner,1,VERB
1206,cat1,doucement,1,ADV
1503,cat1,gain,1,NOUN
1502,cat1,nez,1,NOUN
1501,cat1,re√ßu,1,VERB
1500,cat1,courrier,1,ADJ
1207,cat1,quitter,1,VERB
1208,cat2,chanter,1,VERB
1499,cat1,nickel,1,VERB
1209,cat2,promen√©,1,NOUN
1497,cat1,livree,1,NOUN
1496,cat2,disparition,1,NOUN
1210,cat1,signature,1,NOUN
1211,cat1,plier,1,NOUN
1212,cat1,pain,1,NOUN
1539,cat1,expliquer,1,VERB
1548,cat2,inetrlocuteur,1,NOUN
1540,cat1,t√©l√©phoner,1,VERB
1604,cat2,√©chec,1,NOUN
1614,cat1,recvoir,1,VERB
1613,cat1,approvisionnement,1,VERB
1612,cat1,d√©duire,1,VERB
1611,cat1,aucune,1,DET
1610,cat2,probl√©matique,1,ADJ
1609,cat1,chocolat,1,NOUN
1608,cat1,√©videmment,1,ADV
1607,cat2,d√©manger,1,ADJ
1175,cat1,echantillon,1,ADJ
1606,cat2,brol,1,NOUN
1605,cat2,propos√©e,1,VERB
1603,cat1,sommier,1,ADJ
1616,cat1,explication,1,NOUN
1602,cat2,vorfreud,1,NOUN
1601,cat1,poursuite,1,VERB
1600,cat1,e.,1,NOUN
1599,cat2,g√¢cher,1,VERB
1598,cat2,filet,1,NOUN
1597,cat2,parfaire,1,ADJ
1596,cat2,claquette,1,NOUN
1176,cat1,salvato,1,NOUN
1595,cat2,haine,1,NOUN
1594,cat2,ustensile,1,ADJ
1177,cat1,xl,1,VERB
1173,cat2,r√©assortir,1,VERB
1617,cat2,voiture,1,NOUN
1178,cat1,√©chantillon,1,NOUN
1629,cat2,prolonger,1,VERB
1641,cat1,r√©-exp√©die,1,NOUN
1640,cat1,comparer,1,VERB
1639,cat2,concluant,1,ADJ
1638,cat2,accessible,1,ADJ
1637,cat2,deal,1,ADJ
1636,cat2,accueil,1,NOUN
1635,cat2,newsletter,1,VERB
1634,cat2,shampoing,1,NOUN
1633,cat2,parrure,1,NOUN
1632,cat2,directement,1,ADV
1631,cat1,souvent,1,ADV
1628,cat1,üòä,1,NOUN
1618,cat2,d√©dommager,1,AUX
1627,cat1,fermer,1,VERB
1169,cat1,catstrophiqu,1,NOUN
1170,cat1,ceci,1,PRON
1626,cat1,installer,1,VERB
1625,cat1,lecoli,1,PRON
1624,cat1,decue,1,NOUN
1171,cat1,aberrant,1,VERB
1622,cat1,reflechis,1,NOUN
1621,cat1,quinzaine,1,NOUN
1620,cat2,responsabilit√©,1,NOUN
1619,cat2,gentillement,1,VERB
1592,cat1,ressemble,1,ADJ
1591,cat1,emmanuel,1,ADJ
1541,cat2,pickup,1,VERB
1553,cat2,tournure,1,NOUN
1564,cat1,retarder,1,VERB
1563,cat2,volimineux,1,ADJ
1562,cat1,profit,1,NOUN
1561,cat1,paire,1,ADJ
1560,cat2,√©clairer,1,VERB
1559,cat2,expression,1,NOUN
1558,cat2,livree,1,NOUN
1185,cat1,adela,1,PRON
1556,cat2,üòÇ,1,SPACE
1186,cat1,personne,1,NOUN
1554,cat1,seulement,1,ADV
1552,cat2,casio,1,NOUN
1566,cat2,r√©diger,1,VERB
1551,cat1,√©mettre,1,VERB
1550,cat2,moisir,1,ADJ
1549,cat1,dessous,1,NOUN
1223,cat2,brise,1,VERB
1547,cat2,comprends.-,1,NOUN
1188,cat1,blanc,1,ADJ
1546,cat1,inacceptable,1,ADJ
1189,cat1,zahi,1,NOUN
1544,cat2,coll√®gue,1,NOUN
1543,cat1,rejeter,1,VERB
1542,cat1,lente,1,NOUN
1565,cat2,achetez,1,VERB
1567,cat1,diriger,1,VERB
1590,cat1,cesse,1,NOUN
1578,cat1,delai,1,VERB
1589,cat1,travers,1,ADJ
1588,cat1,gramme,1,NOUN
1587,cat2,int√©grit√©,1,NOUN
1179,cat1,contenu,1,NOUN
1586,cat2,fraiset,1,ADJ
1585,cat2,aucuns,1,VERB
1584,cat1,d√©foncer,1,VERB
1583,cat2,promis,1,VERB
1581,cat2,hautain,1,ADJ
1580,cat2,√©ventuellement,1,VERB
1579,cat2,ignoble,1,ADJ
1577,cat2,√©tonnemer,1,VERB
1568,cat2,r√©exp√©dier,1,VERB
1181,cat1,difficile,1,ADJ
1576,cat2,habituer,1,VERB
1182,cat1,effet,1,NOUN
1183,cat1,liquide,1,ADJ
1574,cat2,cloturer,1,VERB
1573,cat2,fix√©e,1,NOUN
1184,cat1,craser,1,VERB
1572,cat1,jamais,1,ADV
1571,cat1,fevad,1,NOUN
1570,cat2,proleme,1,ADJ
1569,cat2,√©garer,1,VERB
1222,cat1,autant,1,ADV
1229,cat1,cjablonski,1,ADJ
1224,cat1,aboutir,1,VERB
1388,cat2,tra√Æne,1,NOUN
1362,cat1,rentable,1,ADJ
1268,cat2,d√©plus,1,ADP
1360,cat2,inspirer,1,VERB
1269,cat1,r√©ponse,1,NOUN
1359,cat1,affreux,1,ADJ
1358,cat1,√©crit,1,VERB
1357,cat2,vdd,1,PRON
1356,cat2,liquidation,1,NOUN
1270,cat1,r√©partir,1,VERB
1271,cat2,exellence,1,NOUN
1355,cat1,longuesil,1,ADJ
1354,cat2,voiler,1,VERB
1272,cat1,g√©n√©ralement,1,ADV
1353,cat2,e-commerce,1,NOUN
1273,cat1,t√¢cher,1,ADJ
1352,cat1,tanpis,1,NOUN
1351,cat2,paul,1,PROPN
1350,cat1,syst√©matique,1,ADJ
1349,cat1,bodum,1,PROPN
1274,cat1,darty,1,VERB
1348,cat1,op√©ration,1,NOUN
1347,cat2,√©crite,1,NOUN
1346,cat1,incompl√©t,1,VERB
1345,cat2,abonn√©,1,VERB
1344,cat1,octobre,1,NOUN
1363,cat1,sup√©rieur,1,NOUN
1364,cat1,description,1,NOUN
1365,cat1,easycartouch,1,PROPN
1376,cat1,r√©ussir,1,NOUN
1258,cat2,dcb,1,ADJ
1386,cat2,g√©rer,1,VERB
1385,cat1,√©lev√©,1,ADJ
1384,cat2,configuration,1,NOUN
1259,cat1,misterfly,1,ADJ
1261,cat1,emp√™che,1,VERB
1381,cat2,üò±,1,SPACE
1380,cat1,jl,1,PRON
1262,cat2,d√©sorganisation,1,NOUN
1378,cat1,tasser,1,VERB
1377,cat1,≈ìil,1,NOUN
1375,cat1,livr√©en,1,NOUN
1366,cat1,couter,1,VERB
1374,cat2,dispenser,1,VERB
1373,cat1,einelh,1,NOUN
1372,cat2,jarmon,1,PROPN
1264,cat1,dissuader,1,VERB
1265,cat1,troisi√®me,1,ADJ
1266,cat1,boire,1,VERB
1371,cat1,c√¢bl,1,PROPN
1267,cat1,loin,1,ADV
1369,cat2,est-elle,1,NOUN
1368,cat2,trou√©,1,VERB
1367,cat1,m√©ne,1,VERB
1343,cat2,contenat,1,NOUN
1342,cat1,raquette,1,VERB
1341,cat2,futur,1,ADJ
1303,cat2,aupr√®s,1,ADV
1312,cat1,article,1,NOUN
1311,cat2,compromis,1,NUM
1281,cat2,pensai,1,ADJ
1309,cat2,valable,1,ADJ
1282,cat2,descente,1,NOUN
1284,cat1,cadre,1,VERB
1307,cat1,pourtant,1,ADV
1285,cat1,üëé,1,NOUN
1286,cat1,avoue,1,VERB
1305,cat1,quasi,1,NUM
1304,cat1,exp√©dier,1,NOUN
1302,cat1,processus,1,NOUN
1280,cat2,folie,1,VERB
1301,cat2,g√©n√©reusement,1,VERB
1300,cat2,paix,1,NOUN
1288,cat1,d√©porter,1,VERB
1299,cat2,hortense,1,NOUN
1298,cat2,r√©tractation,1,NOUN
1297,cat1,patientez,1,VERB
1289,cat2,essai,1,PROPN
1290,cat2,endommag√©,1,VERB
1296,cat2,statut,1,NOUN
1295,cat1,m√©riter,1,VERB
1291,cat1,rapidement,1,ADV
1313,cat2,m√©morable,1,ADJ
1314,cat2,bien-s√ªr,1,NOUN
1340,cat2,bottine,1,NOUN
1328,cat1,evidemment,1,ADV
1339,cat2,√©tablir,1,VERB
1338,cat2,vient,1,VERB
1275,cat1,gal√®re,1,ADJ
1336,cat2,oreille,1,NOUN
1335,cat2,peugeot,1,ADJ
1334,cat2,endure,1,NOUN
1333,cat2,incomptence,1,NOUN
1332,cat1,oublier,1,VERB
1331,cat1,bouger,1,ADV
1330,cat1,patron,1,NOUN
1329,cat2,desperemer,1,VERB
1277,cat2,d√©-confinement,1,NOUN
1315,cat1,mort,1,NOUN
1327,cat1,serieux,1,ADJ
1326,cat1,alerte,1,NOUN
1325,cat1,alando,1,PROPN
1324,cat2,f√¢cher,1,VERB
1322,cat1,confirme,1,NOUN
1278,cat1,prudent,1,NOUN
1320,cat2,contenir,1,VERB
1319,cat1,t√™te,1,NOUN
1318,cat2,t√©l√©phoniquement,1,ADV
1279,cat1,d√©go√ªtent,1,ADV
1316,cat1,d√©boire,1,VERB
1387,cat1,sanitaire,1,ADJ
1389,cat1,superdry,1,NOUN
1225,cat2,sonner,1,VERB
1390,cat2,bordeauxpender,1,VERB
1453,cat2,bilan,1,NOUN
1452,cat2,fervent,1,VERB
1236,cat1,couleur,1,NOUN
1451,cat2,habituellement,1,ADV
1450,cat2,abim√©s,1,VERB
1237,cat1,persil,1,NOUN
1449,cat2,cdiscount,1,ADV
1448,cat2,print,1,NOUN
1447,cat2,judiciaire,1,ADJ
1446,cat2,signal√©,1,NOUN
1445,cat2,proc√©der,1,VERB
1238,cat1,lettre,1,NOUN
1443,cat1,vif,1,NOUN
1442,cat1,enti√®rement,1,ADV
1239,cat1,arranger,1,VERB
1440,cat2,carte,1,NOUN
1439,cat1,purement,1,ADV
1438,cat2,litige,1,NOUN
1437,cat2,sterile,1,NOUN
1240,cat1,initial,1,ADJ
1436,cat2,-vente,1,ADJ
1435,cat2,grau,1,NOUN
1241,cat1,jusqu,1,PROPN
1434,cat2,pr√©sent√©e,1,NOUN
1433,cat2,bonjourvou,1,VERB
1454,cat1,promotion,1,NOUN
1455,cat1,sp√©cifier,1,VERB
1456,cat1,recevoit,1,NOUN
1467,cat2,venise,1,NOUN
1474,cat2,rigide,1,ADJ
1226,cat1,fissurer,1,VERB
1473,cat2,center,1,VERB
1472,cat2,livaison,1,NOUN
1471,cat2,confirmant,1,VERB
1470,cat2,d√©dommagement,1,VERB
1469,cat1,prot√©ger,1,VERB
1292,cat1,confition,1,NOUN
1230,cat1,massif,1,NOUN
1468,cat1,pur,1,NOUN
1231,cat2,habiller,1,VERB
1466,cat1,piteux,1,ADJ
1235,cat1,chien,1,NOUN
1465,cat2,associer,1,NOUN
1464,cat2,nommer,1,VERB
1463,cat1,ruptur,1,VERB
1232,cat1,bouton,1,NOUN
1462,cat2,escrot,1,ADJ
1461,cat1,rembrouse,1,ADJ
1460,cat2,interdire,1,ADJ
1459,cat1,ast√©rix,1,ADJ
1234,cat1,pari,1,VERB
1458,cat2,participe,1,NOUN
1457,cat2,sinon,1,VERB
1242,cat1,recu,1,NOUN
1432,cat1,changer,1,VERB
1431,cat1,d√©commande,1,NOUN
1398,cat2,surtaxer,1,NOUN
1408,cat2,liban,1,PROPN
1407,cat1,n√©anmoins,1,ADV
1406,cat2,rel√®v,1,NOUN
1405,cat1,sandale,1,ADJ
1404,cat2,douteusement,1,ADV
1403,cat1,totaliser,1,VERB
1252,cat1,traire,1,ADJ
1402,cat1,inutile,1,ADJ
1401,cat2,couteal,1,VERB
1400,cat1,vivre,1,NOUN
1399,cat2,avancer,1,VERB
1397,cat2,quelques-uns,1,INTJ
1642,cat2,bouton,1,NOUN
1396,cat2,abuser,1,VERB
1395,cat1,versace,1,NOUN
1394,cat1,zero,1,NOUN
1253,cat1,utilisable,1,ADJ
1393,cat1,experience,1,NOUN
1254,cat2,hesperide,1,NOUN
1255,cat1,marquer,1,VERB
1256,cat1,alimentaire,1,ADJ
1392,cat2,√©tanch√©it√©,1,NOUN
1391,cat1,puisque,1,SCONJ
1257,cat2,quoimon,1,ADP
1409,cat1,datant,1,NOUN
1251,cat1,dpd,1,X
1430,cat1,d√©grader,1,VERB
1420,cat1,chinoiserie,1,NOUN
1243,cat1,repartir,1,VERB
1244,cat1,froisser,1,VERB
1429,cat2,√©raflure,1,ADJ
1428,cat2,impecabl,1,ADV
1427,cat1,vpas,1,ADV
1426,cat2,delai,1,VERB
1425,cat2,faillir,1,VERB
1424,cat2,credence,1,NOUN
1423,cat2,abonnemer,1,VERB
1422,cat2,m√©dical,1,VERB
1421,cat2,pr√©payerde,1,NOUN
1419,cat2,apparaitre,1,VERB
1411,cat1,üòí,1,NOUN
1418,cat1,oreille,1,NOUN
1417,cat1,operateur,1,NOUN
1246,cat1,ouvert,1,VERB
1247,cat1,moyen,1,NOUN
1416,cat1,profiter,1,VERB
1248,cat2,s√©ter,1,VERB
1249,cat1,entrain,1,ADJ
1414,cat1,capsule,1,VERB
1413,cat1,sitej,1,NOUN
1412,cat1,gestionnaire,1,ADJ
1250,cat1,polo,1,VERB
1410,cat1,momail,1,NOUN
0,cat2,rose,1,VERB
1643,cat1,soleil,1,NOUN
2033,cat2,mediateurfevad,1,NOUN
2031,cat1,apocalypse,1,VERB
2030,cat1,√©br√©cher,1,VERB
2029,cat1,injoignable,1,ADJ
2028,cat1,douteux,1,ADJ
2027,cat2,e-vendeur,1,NOUN
2026,cat2,r√©alit√©,1,NOUN
2025,cat2,mondial,1,ADJ
2024,cat2,afinqu,1,VERB
2023,cat2,rattraper,1,VERB
2022,cat1,bandit,1,VERB
2021,cat2,embl√©e,1,NOUN
2020,cat2,cuir,1,NOUN
2019,cat2,d√©sespoir,1,VERB
2018,cat2,rallonger,1,VERB
2017,cat1,encaissemer,1,VERB
2016,cat2,retirer,1,VERB
2015,cat2,vepe,1,NOUN
2014,cat2,cauchemar,1,VERB
2013,cat2,cr√©sus,1,NOUN
2012,cat1,somme,1,NOUN
2011,cat1,m√©pris,1,NOUN
2010,cat2,commentaire,1,NOUN
2009,cat2,prepaye,1,ADJ
2008,cat1,signe,1,NOUN
2007,cat1,litige,1,NOUN
2006,cat1,traitement,1,NOUN
2005,cat1,concurrent,1,ADJ
2004,cat2,summum,1,ADJ
2003,cat1,exp√©dition,1,NOUN
2032,cat2,mccartney,1,PROPN
2034,cat2,resum√©,1,VERB
2001,cat2,daigner,1,VERB
2035,cat1,regarder,1,VERB
2064,cat2,situation,1,NOUN
2063,cat2,agr√©er,1,VERB
2062,cat2,terriblemer,1,VERB
2061,cat1,esp√©rer,1,VERB
2060,cat2,discourt,1,NOUN
2059,cat1,co√ªteux,1,ADJ
2058,cat1,arriv√©,1,VERB
2057,cat1,r√©tractation,1,NOUN
2056,cat1,tordu,1,VERB
2055,cat1,pointure,1,NOUN
2054,cat1,d√©√ßuje,1,NOUN
2053,cat2,assembler,1,VERB
2052,cat2,boutique,1,NOUN
2051,cat1,d√©noncer,1,VERB
2050,cat1,canap√©,1,NOUN
2049,cat2,davantage,1,ADV
2048,cat2,signer,1,VERB
2047,cat1,feuille,1,NOUN
2046,cat1,forfait,1,VERB
2045,cat1,disque,1,ADJ
2044,cat1,black,1,NOUN
2043,cat1,r√©clamer,1,VERB
2042,cat1,monde,1,NOUN
2041,cat2,amazon,1,PROPN
2040,cat1,salut,1,VERB
2039,cat1,ferm√©,1,ADV
2038,cat2,g√®re,1,VERB
2037,cat2,sollicitation,1,NOUN
2036,cat1,aboutie,1,NOUN
2002,cat1,d√©penser,1,VERB
2000,cat1,encha√Ænent,1,ADV
2066,cat2,baltrinque,1,NOUN
1964,cat2,italien,1,ADJ
1962,cat1,sans,1,ADP
1961,cat2,dolce,1,ADP
1960,cat1,jardin,1,VERB
1959,cat1,financier,1,ADJ
1958,cat1,d√©sagr√©ment,1,ADV
1957,cat1,internet-,1,PROPN
1956,cat1,contrairement,1,ADV
1955,cat2,fidele,1,VERB
1954,cat1,imprimer,1,VERB
1953,cat1,personn,1,ADJ
1952,cat2,gaastra,1,VERB
1951,cat2,huissier,1,NOUN
1950,cat2,envoy√©je,1,VERB
1949,cat1,association,1,NOUN
1948,cat1,dos,1,NOUN
1947,cat2,appelle,1,VERB
1946,cat1,plein,1,NOUN
1945,cat1,nullissime,1,VERB
1944,cat1,attendai,1,VERB
1943,cat1,bah,1,NOUN
1942,cat2,poussoir,1,VERB
1941,cat1,carton,1,PROPN
1939,cat1,plateforme,1,ADJ
1938,cat1,homme,1,NOUN
1937,cat1,aujourd'hui,1,ADV
1936,cat1,factur,1,ADJ
1935,cat1,hall,1,NOUN
1934,cat1,assez,1,ADV
1933,cat1,correspondant,1,VERB
1963,cat1,degradation,1,NOUN
1965,cat1,cauchemar,1,VERB
1999,cat1,pr√©paration,1,NOUN
1966,cat2,demandant,1,ADJ
1998,cat2,enregistrement,1,VERB
1997,cat2,xxs,1,PROPN
1996,cat1,rembourser,1,VERB
1995,cat2,vis-√†-vis,1,ADV
1994,cat1,fournir,1,VERB
1993,cat2,regrouper,1,VERB
1992,cat1,surtout,1,ADV
1991,cat1,pense,1,NOUN
1988,cat2,√©pouse,1,NOUN
1987,cat1,technique,1,ADJ
1986,cat2,montage,1,NOUN
1985,cat2,boycotton,1,NOUN
1984,cat2,comptabilit√©,1,NOUN
1983,cat2,dissimuler,1,VERB
1982,cat2,transmettre,1,VERB
1981,cat1,renouveler,1,VERB
1980,cat1,contenir,1,VERB
1979,cat1,d√©gringolade,1,NOUN
1978,cat2,party,1,VERB
1977,cat1,peut-√™tre,1,ADV
1976,cat2,sia,1,SPACE
1975,cat1,pullman,1,VERB
1974,cat1,r√©actif,1,ADJ
1973,cat1,Ô∏è,1,NOUN
1972,cat2,enfer,1,NOUN
1971,cat2,na√Øvemer,1,VERB
1970,cat2,volontaire,1,ADJ
1969,cat2,üëé,1,NOUN
1968,cat1,valise,1,VERB
2065,cat1,compris,1,ADJ
2067,cat1,accueil,1,NOUN
1931,cat1,ouvrir,1,VERB
2165,cat2,roder,1,VERB
2163,cat2,avoriaz,1,NOUN
2162,cat2,contacton,1,NOUN
2161,cat2,financi√®rement,1,VERB
2160,cat2,lounge,1,ADV
2159,cat2,strictement,1,ADV
2158,cat2,balducci,1,NOUN
2157,cat1,pourquoi,1,ADV
2156,cat2,chauffant,1,VERB
2155,cat1,malheureusement,1,ADV
2154,cat2,s√©n√©gal,1,ADJ
2153,cat1,grossir,1,VERB
2152,cat2,monday,1,NOUN
2151,cat2,tonifiant,1,ADJ
2150,cat1,citer,1,VERB
2149,cat2,eurosje,1,NOUN
2148,cat2,remarquer,1,VERB
2147,cat2,geox,1,PROPN
2146,cat2,victor,1,VERB
2145,cat2,re√ßus,1,VERB
2144,cat2,polypropylene,1,NOUN
2143,cat2,enquete,1,ADJ
2142,cat2,d√©faut,1,NOUN
2141,cat1,auparavant,1,ADV
2140,cat2,d√©buter,1,VERB
2139,cat2,l√©s,1,NOUN
2138,cat2,ressortir,1,VERB
2137,cat1,commettre,1,VERB
2136,cat2,suciter,1,VERB
2135,cat2,implication,1,NOUN
2164,cat1,efficace,1,ADJ
2166,cat2,mdr,1,PRON
2133,cat1,intituler,1,VERB
2167,cat1,augmenter,1,VERB
2197,cat1,solution,1,NOUN
2196,cat1,d√©cu,1,VERB
2195,cat2,aspic,1,ADJ
2194,cat1,d√©gradation,1,NOUN
2193,cat1,abonnement,1,VERB
2192,cat2,source,1,NOUN
2191,cat2,difficulter,1,VERB
2190,cat2,fid√©lise,1,ADJ
2189,cat2,enveloppe,1,NOUN
2188,cat2,tiendrai,1,NOUN
2187,cat2,qr,1,DET
2186,cat1,nuire,1,ADJ
2185,cat1,consid√©ration,1,NOUN
2184,cat2,voyage,1,NOUN
2183,cat1,hop,1,NOUN
2182,cat1,mem,1,VERB
2181,cat1,caf√©,1,VERB
2180,cat2,al√©atoire,1,ADJ
2179,cat2,d√©lib√©r√©ment,1,ADV
2178,cat2,venteprivee,1,NOUN
2177,cat2,ex√©crable,1,ADJ
2176,cat2,solder,1,VERB
2175,cat1,travailler,1,VERB
2174,cat1,scandale,1,NOUN
2172,cat1,demi,1,NOUN
2171,cat2,plaid,1,ADJ
2170,cat1,eviter,1,VERB
2169,cat1,permettre,1,VERB
2168,cat2,potentiellement,1,ADV
2134,cat2,rassemblement,1,VERB
2132,cat2,stressant,1,VERB
2068,cat2,bordeaux,1,ADJ
2099,cat2,uber,1,NOUN
2097,cat2,plonger,1,VERB
2096,cat1,trace,1,PROPN
2095,cat1,bande,1,NOUN
2094,cat2,caf√©,1,VERB
2093,cat1,pdg,1,NOUN
2092,cat1,enorme,1,NOUN
2091,cat1,rond,1,VERB
2090,cat1,repouss√©e,1,VERB
2089,cat1,version,1,NOUN
2088,cat1,entrep√¥t,1,NOUN
2087,cat2,nuit,1,NOUN
2086,cat1,d√©convenue,1,VERB
2085,cat1,d√©bit√©,1,NOUN
2084,cat2,d√©fecteus,1,AUX
2083,cat2,mets,1,NOUN
2082,cat1,d√©conditionner,1,VERB
2081,cat2,imaginaire,1,ADJ
2080,cat1,renvoi,1,NOUN
2079,cat2,commandesituation,1,NOUN
2078,cat2,laguiole,1,NOUN
2077,cat2,r√©cent,1,ADJ
2076,cat2,grossir,1,VERB
2075,cat2,publication,1,NOUN
2074,cat2,sommet,1,VERB
2073,cat1,v√™temer,1,VERB
2072,cat2,fripe,1,NOUN
2071,cat1,archi,1,VERB
2070,cat2,d√©perlant,1,VERB
2069,cat1,paiement,1,VERB
2098,cat1,agir,1,VERB
2100,cat2,fade,1,VERB
2131,cat1,mat√©riau,1,NOUN
2101,cat2,renoncer,1,VERB
2130,cat1,parfaire,1,ADJ
2129,cat1,abus,1,NOUN
2128,cat2,aout,1,ADV
2127,cat2,d√©plore,1,NOUN
2126,cat2,comptoir,1,VERB
2125,cat2,conformer,1,VERB
2124,cat2,aspurayeur,1,NOUN
2123,cat2,ecran,1,NOUN
2122,cat2,portugal,1,ADJ
2121,cat2,technologie,1,NOUN
2120,cat2,r√©ceptionner,1,VERB
2119,cat2,emenequ,1,NOUN
2118,cat1,saisi,1,VERB
2117,cat1,renseignement,1,VERB
2116,cat2,r√®glement,1,VERB
2115,cat1,stopper,1,VERB
2114,cat2,entier,1,ADJ
2113,cat2,st√©rile,1,ADJ
2112,cat2,mensong√©,1,VERB
2111,cat2,flexibilit√©,1,NOUN
2110,cat2,vacancesocamping,1,NOUN
2109,cat2,hygiene,1,NOUN
2108,cat2,exclusivit√©,1,NOUN
2107,cat1,courtois,1,NOUN
2106,cat1,perte,1,NOUN
2105,cat2,brillant,1,NOUN
2104,cat2,bulle,1,NOUN
2103,cat1,souscrire,1,ADJ
2102,cat2,monstrueux,1,ADJ
1932,cat1,moment,1,NOUN
1930,cat1,r√©exp√©dier,1,VERB
1644,cat1,tentation,1,NOUN
1748,cat2,vid√©o,1,NOUN
1746,cat2,voix,1,NOUN
1745,cat2,retente,1,ADJ
1744,cat2,scanner,1,VERB
1743,cat2,volontairement,1,ADV
1742,cat1,tabouret,1,NOUN
1741,cat1,savoirattention,1,NOUN
1740,cat2,prepercage,1,NOUN
1739,cat1,rapport,1,NOUN
1738,cat1,apre,1,NOUN
1737,cat1,d√©tacher,1,VERB
1736,cat2,perte,1,NOUN
1735,cat2,d√©sint√©resse,1,VERB
1734,cat2,avantageux,1,ADJ
1733,cat1,utiliser,1,VERB
1732,cat1,ch√®que,1,ADJ
1731,cat2,r√©servation,1,NOUN
1730,cat2,noyer,1,VERB
1729,cat2,/-,1,VERB
1728,cat2,profiter,1,VERB
1727,cat2,tassimo,1,PROPN
1726,cat2,ab√Æm√©,1,NOUN
1725,cat2,trajet,1,NOUN
1724,cat1,bannir,1,VERB
1723,cat2,implacable,1,ADJ
1722,cat2,ameublement,1,ADV
1721,cat1,s√©rieusement,1,ADV
1720,cat2,aaahhhh,1,NOUN
1719,cat2,destination,1,NOUN
1718,cat1,voler,1,VERB
1747,cat2,obligƒóe,1,PROPN
1749,cat1,franchement,1,ADV
1715,cat2,bataille,1,NOUN
1750,cat2,sauver,1,VERB
1780,cat2,nux,1,ADJ
1779,cat1,disparu,1,VERB
1778,cat2,xl,1,VERB
1777,cat2,d√©collent,1,ADV
1776,cat1,lili,1,VERB
1775,cat1,reconditionn√©e,1,VERB
1774,cat1,hormis,1,VERB
1773,cat1,enseigne,1,NOUN
1772,cat2,recyclage,1,NOUN
1771,cat2,d√©sagr√©ment,1,ADV
1770,cat1,laisser,1,VERB
1769,cat2,accessoire,1,ADJ
1768,cat2,satisfactionje,1,NOUN
1767,cat2,savai,1,NOUN
1766,cat2,√©lire,1,ADJ
1765,cat2,repayer,1,VERB
1764,cat2,explicite,1,VERB
1763,cat1,dimension,1,NOUN
1762,cat1,r√®gle,1,VERB
1761,cat1,dune,1,ADJ
1760,cat2,logiquement,1,ADV
1759,cat2,fonder,1,VERB
1758,cat2,trait√©,1,VERB
1757,cat2,assemblage,1,NOUN
1756,cat2,gorgio,1,ADV
1755,cat1,bo√Ætier,1,NOUN
1754,cat1,acc√®s,1,NOUN
1753,cat2,angle,1,NOUN
1752,cat2,gateau,1,NOUN
1716,cat1,b√™tise,1,NOUN
1714,cat1,coronavirus,1,NOUN
1782,cat1,ach√®terai,1,NOUN
1677,cat2,polir,1,VERB
1675,cat1,√©galement,1,ADV
1674,cat1,d√©dommagement,1,VERB
1673,cat1,patiemment,1,ADV
1671,cat1,scandaleux,1,ADJ
1670,cat2,boycotter,1,VERB
1669,cat2,havaiana,1,PROPN
1667,cat2,/an,1,NOUN
1666,cat2,r√©utiliser,1,VERB
1665,cat1,n√©gatif,1,NOUN
1664,cat1,esbroufe,1,NOUN
1663,cat1,e-mail,1,NOUN
1662,cat2,jai,1,NOUN
1661,cat1,promesse,1,NOUN
1660,cat2,üò≤,1,NOUN
1659,cat2,attendai,1,VERB
1658,cat2,cl√¥turer,1,VERB
1657,cat2,communique,1,ADJ
1656,cat2,d√©laver,1,VERB
1655,cat2,boho,1,NOUN
1654,cat1,p√©riode,1,NOUN
1653,cat2,koenig,1,SPACE
1652,cat2,jimmy,1,VERB
1651,cat2,courir,1,VERB
1650,cat1,fant√¥me,1,VERB
1649,cat1,millier,1,VERB
1648,cat1,cause,1,NOUN
1647,cat2,rejaillira,1,NOUN
1646,cat2,plastic,1,NOUN
1645,cat2,-aine,1,SPACE
1676,cat2,licence,1,NOUN
1678,cat1,repousser,1,VERB
1712,cat2,d√©ballant,1,NOUN
1679,cat2,d√©confinement,1,ADV
1711,cat2,ritournelle,1,ADJ
1710,cat1,magasin,1,PROPN
1709,cat2,job,1,AUX
1708,cat2,d√©p√¥t,1,NOUN
1707,cat2,suspension,1,NOUN
1706,cat2,vieillot,1,PROPN
1704,cat1,po√®me,1,VERB
1703,cat2,refourguer,1,VERB
1702,cat2,lee,1,AUX
1701,cat2,d√©go√ªter,1,VERB
1700,cat2,devant,1,ADP
1699,cat2,dune,1,ADJ
1698,cat2,rigole,1,VERB
1697,cat2,financier,1,ADJ
1696,cat2,prolonge,1,ADJ
1167,cat1,entreprise,1,NOUN
1693,cat2,reproche,1,NOUN
1692,cat2,structure,1,NOUN
1691,cat2,suspicion,1,NOUN
1690,cat2,relire,1,VERB
1689,cat2,insupportable,1,ADJ
1688,cat2,chocolat,1,NOUN
1687,cat2,orchestra,1,VERB
1686,cat1,constater,1,VERB
1685,cat1,rayer,1,VERB
1684,cat1,allonger,1,VERB
1683,cat1,priver,1,NOUN
1682,cat2,d√©signation,1,NOUN
1681,cat2,fuiez,1,NOUN
1781,cat2,bresson,1,NOUN
1783,cat2,remorque,1,ADJ
1929,cat1,√©clair,1,ADJ
1895,cat2,gla√ßon,1,VERB
1893,cat2,emporter,1,VERB
1892,cat1,hugo,1,NOUN
1891,cat1,r√©parateur,1,NOUN
1890,cat1,commercial,1,ADJ
1888,cat1,travail,1,NOUN
1887,cat1,demain,1,ADV
1886,cat1,perdre,1,VERB
1885,cat1,apprendre,1,VERB
1884,cat1,bain,1,ADJ
1883,cat1,outrer,1,VERB
1882,cat1,t√©l√©phone,1,NOUN
1881,cat1,carvajal,1,VERB
1879,cat1,ultra,1,VERB
1878,cat1,mr,1,PROPN
1877,cat1,fille,1,NOUN
1876,cat2,tenue,1,VERB
1875,cat1,valoir,1,VERB
1873,cat1,satisfaire,1,ADJ
1872,cat1,offrir,1,VERB
1870,cat1,atteste,1,VERB
1869,cat1,droit,1,NOUN
1868,cat1,anormal,1,ADJ
1867,cat2,summer,1,VERB
1865,cat2,dysfonctionnement,1,VERB
1864,cat2,jouet,1,ADJ
1863,cat2,respectivement,1,ADV
1862,cat2,acrylique,1,NOUN
1861,cat2,cmsur,1,NOUN
1860,cat1,consid√©rer,1,VERB
1894,cat1,r√©cup√©rer,1,VERB
1896,cat1,sp√©cial,1,ADJ
1858,cat2,canap√©,1,NOUN
1897,cat1,face,1,NOUN
1928,cat1,assurer,1,VERB
1927,cat1,mati√®re,1,NOUN
1926,cat2,escalier,1,VERB
1925,cat1,vulgaire,1,NOUN
1924,cat1,uniquement,1,ADV
1923,cat1,cela,1,PRON
1922,cat1,f√™te,1,NOUN
1921,cat2,facteur,1,NOUN
1920,cat1,mentionner,1,VERB
1919,cat2,poele,1,NOUN
1918,cat1,luminaire,1,ADJ
1917,cat1,revlon,1,PROPN
1916,cat1,veleda,1,NOUN
1915,cat1,disponible,1,ADJ
1914,cat1,justement,1,ADV
1912,cat2,omelette,1,NOUN
1911,cat1,recommander,1,VERB
1910,cat1,dont,1,PRON
1909,cat1,devoir,1,VERB
1908,cat1,mobile,1,ADJ
1907,cat1,hier,1,ADV
1906,cat1,gls,1,SPACE
1905,cat2,envelopper,1,VERB
1904,cat2,labastid,1,NOUN
1903,cat1,fiable,1,ADJ
1902,cat2,d√©t√©rioration,1,NOUN
1901,cat1,cr√©mer,1,VERB
1899,cat1,indiquer,1,VERB
1898,cat1,retrouver,1,VERB
1859,cat1,desinstall√©,1,NOUN
1857,cat2,d√©dommagementla,1,VERB
1785,cat1,asseoir,1,VERB
1820,cat2,d√©tailler,1,VERB
1817,cat1,encaisser,1,VERB
1816,cat2,distendre,1,VERB
1815,cat1,ticket,1,NOUN
1814,cat2,sous-marque,1,ADJ
1813,cat1,modeler,1,VERB
1812,cat2,fautej,1,VERB
1810,cat1,relance,1,NOUN
1809,cat1,legging,1,VERB
1808,cat1,comble,1,ADJ
1807,cat2,connaissance,1,NOUN
1805,cat1,bient√¥t,1,ADV
1804,cat1,chose,1,NOUN
1803,cat1,marge,1,NOUN
1802,cat2,silencer,1,VERB
1801,cat1,uter,1,VERB
1800,cat1,consommation,1,NOUN
1799,cat2,cordonnier,1,NOUN
1798,cat1,rechercher,1,VERB
1797,cat2,outrepasser,1,VERB
1796,cat2,moutarde,1,NOUN
1795,cat1,recommencer,1,VERB
1793,cat1,r√©clamation,1,NOUN
1792,cat2,craquer,1,VERB
1791,cat1,d√©sinstaller,1,VERB
1790,cat1,certainement,1,ADV
1789,cat1,directement,1,ADV
1788,cat2,doudoune,1,VERB
1787,cat2,armani,1,PROPN
1786,cat2,tra√ßabilit√©,1,NOUN
1818,cat1,qualit√©e,1,NOUN
1821,cat2,pong,1,ADJ
1856,cat1,tangible,1,ADJ
1822,cat2,bazar,1,NOUN
1855,cat2,√©ligible,1,ADJ
1854,cat2,immoral,1,ADJ
1853,cat2,commandej,1,VERB
1852,cat1,lendemain,1,ADJ
1851,cat1,juste,1,ADV
1850,cat2,fluide,1,VERB
1849,cat2,servir,1,ADJ
1848,cat1,complementaire,1,ADJ
1847,cat1,√©quivalent,1,VERB
1846,cat2,manche,1,NOUN
1845,cat1,respect,1,NOUN
1843,cat2,solution,1,NOUN
1842,cat1,arnaqueur,1,NOUN
1841,cat1,fournisseur,1,NOUN
1840,cat2,montre,1,ADJ
1839,cat1,appareil,1,NOUN
1838,cat2,articleset,1,NOUN
1837,cat2,neter,1,VERB
1836,cat1,suspens,1,NOUN
1835,cat2,xxl,1,NOUN
1834,cat1,parrure,1,NOUN
1832,cat1,iban,1,NOUN
1830,cat2,parking,1,VERB
1829,cat1,suivant,1,ADJ
1828,cat1,garantir,1,VERB
1827,cat2,encre,1,NOUN
1826,cat2,modeler,1,VERB
1825,cat2,diffuser,1,VERB
1824,cat2,emploi,1,NOUN
1695,cat2,absurde,1,VERB
1099,cat2,√©ternel,1,ADJ
1165,cat1,staub,1,VERB
451,cat1,rangemer,1,VERB
408,cat1,cest,1,VERB
407,cat1,maillot,1,NOUN
406,cat1,devant,1,ADP
405,cat1,tjr,1,ADV
404,cat1,global,1,ADJ
402,cat1,imbiber,1,VERB
400,cat1,lamentable,1,ADJ
398,cat1,rikiki,1,ADJ
397,cat1,calson,1,NOUN
396,cat1,annie,1,NOUN
395,cat1,gillot,1,PROPN
394,cat2,petite-fille,1,NOUN
392,cat1,reclamer,1,VERB
391,cat1,largement,1,ADV
390,cat1,vokr,1,NOUN
388,cat1,instant,1,NOUN
386,cat1,cocotte,1,NOUN
385,cat1,fr√©quemment,1,ADV
383,cat1,inf√©rieur,1,ADJ
382,cat1,r√©exp√©dition,1,NOUN
381,cat1,plaire,1,VERB
380,cat1,plaisir,1,NOUN
379,cat1,douane,1,PROPN
378,cat1,stipuler,1,ADJ
377,cat2,shein,1,NOUN
375,cat1,cass√©,1,ADJ
374,cat1,juin,1,NOUN
373,cat1,pr√©vue,1,NOUN
372,cat1,remiere,1,VERB
410,cat1,retrouve,1,VERB
411,cat1,d√©chir√©,1,VERB
416,cat1,questionner,1,VERB
435,cat1,grille,1,NOUN
449,cat1,moitier,1,PROPN
448,cat1,pr√©sence,1,NOUN
447,cat2,amovible,1,ADJ
446,cat1,ampoule,1,NOUN
445,cat1,fard,1,NOUN
444,cat1,v√©leda,1,NOUN
443,cat1,tee,1,ADV
442,cat1,brossette,1,NOUN
441,cat1,proc√©der,1,VERB
439,cat1,facturer,1,VERB
438,cat1,√©tai,1,VERB
437,cat1,lexpediteur,1,NOUN
436,cat1,signifier,1,VERB
432,cat1,autoriser,1,VERB
417,cat2,forcer,1,VERB
431,cat2,dovifat,1,VERB
430,cat1,svp,1,VERB
429,cat1,coque,1,ADJ
428,cat2,rafistol√©,1,NOUN
427,cat1,flacon,1,NOUN
426,cat1,chaise,1,ADJ
425,cat1,r√©emballer,1,VERB
424,cat1,simplifier,1,VERB
423,cat1,pens√©e,1,VERB
421,cat1,pk,1,VERB
420,cat1,irr√©cup√©rable,1,ADJ
419,cat2,bac,1,VERB
418,cat1,requ√™te,1,NOUN
371,cat2,authenticit√©,1,NOUN
370,cat2,marre,1,NOUN
369,cat2,rapidement,1,ADV
315,cat1,√©gard,1,NOUN
331,cat1,attende,1,ADJ
330,cat1,co√ªt√©,1,NOUN
328,cat2,changent,1,ADV
327,cat1,respect√©set,1,NOUN
326,cat1,shoroompriv√©,1,VERB
325,cat2,imprimer,1,VERB
324,cat2,swatch,1,NOUN
323,cat2,‚ö†,1,SPACE
321,cat2,¬¥,1,SPACE
319,cat2,int√©gralit√©,1,NOUN
318,cat2,bsrvraiment,1,ADV
317,cat2,descriptif,1,NOUN
316,cat1,bonjourje,1,PROPN
314,cat1,combien,1,ADV
333,cat1,plaquer,1,VERB
313,cat2,clairement,1,ADV
312,cat1,o.,1,PROPN
311,cat1,policy,1,VERB
310,cat1,pareille,1,NOUN
309,cat1,kangol,1,NOUN
308,cat2,int√©r√™t,1,NOUN
306,cat1,ajouter,1,VERB
305,cat1,affranchissement,1,ADV
304,cat1,huiler,1,VERB
303,cat1,chaque,1,DET
302,cat1,√©v√©nement,1,NOUN
301,cat2,sapin,1,VERB
300,cat1,apprend,1,VERB
332,cat1,notebook,1,ADJ
334,cat1,m√©content,1,NOUN
368,cat2,dogo,1,NOUN
354,cat1,bijou,1,ADJ
367,cat2,acier,1,VERB
366,cat2,rideau,1,NOUN
365,cat1,diff√©rence,1,NOUN
364,cat1,r√©gulier,1,ADJ
363,cat1,priorit√©,1,NOUN
362,cat1,compagne,1,VERB
361,cat2,tabouret,1,NOUN
360,cat2,desastre,1,NOUN
359,cat1,bahut,1,PROPN
358,cat2,anti-√¢ge,1,NOUN
357,cat1,garantie,1,NOUN
356,cat1,modification,1,NOUN
355,cat2,annuel,1,ADJ
353,cat1,continuer,1,VERB
335,cat2,culotte,1,NOUN
352,cat1,s.,1,AUX
350,cat1,astuce,1,NOUN
349,cat1,cachemir,1,NOUN
348,cat2,manteau,1,NOUN
344,cat1,d.,1,PROPN
343,cat1,auquel,1,NOUN
342,cat2,catastrophej,1,NOUN
341,cat1,d√©ficier,1,ADJ
340,cat1,reception,1,NOUN
339,cat2,attester,1,VERB
338,cat2,sejour,1,NOUN
337,cat1,collier,1,NOUN
336,cat1,inadmisibl,1,NOUN
450,cat2,etais,1,ADV
452,cat1,d√©go√ªter,1,VERB
298,cat1,ouvertemer,1,VERB
454,cat1,d√©livrer,1,VERB
557,cat1,banir,1,VERB
556,cat1,insatisfaction,1,NOUN
555,cat1,irr√©prochable,1,ADJ
554,cat2,pr√©l√®vement,1,ADV
553,cat1,difficult√©,1,VERB
552,cat1,√©puiser,1,VERB
551,cat1,faible,1,ADJ
550,cat2,willemse,1,PROPN
549,cat1,exp√©di√©e,1,VERB
548,cat1,renvoy√©e,1,VERB
547,cat1,nonconforme,1,ADJ
546,cat1,robot,1,VERB
545,cat2,luxueux,1,ADJ
544,cat2,zalando,1,PROPN
543,cat1,fuir,1,NOUN
542,cat2,invendable,1,ADJ
541,cat1,boulot,1,PROPN
540,cat2,sinc√®remer,1,VERB
539,cat1,catastrophique,1,NOUN
538,cat1,nature,1,NOUN
537,cat1,voisin,1,ADJ
536,cat1,raisonnable,1,ADJ
535,cat1,engagementslamentabl,1,ADP
534,cat1,termin√©,1,VERB
533,cat1,exhorbiter,1,VERB
532,cat2,profond√©ment,1,ADV
531,cat1,r√©√©crire,1,ADJ
530,cat2,raccrochage,1,NOUN
529,cat2,foin,1,NOUN
558,cat1,parasol,1,X
559,cat2,inquiete,1,VERB
560,cat2,formulaire,1,ADJ
578,cat2,paquet,1,NOUN
592,cat2,r√©veiller,1,VERB
591,cat1,intol√©rable,1,ADJ
590,cat1,enl√®vement,1,NOUN
589,cat2,remplu,1,ADJ
588,cat2,m√©diation,1,NOUN
587,cat1,estl,1,NOUN
586,cat2,concert,1,NOUN
585,cat1,d√©duction,1,NOUN
584,cat1,cafeti√®re,1,NOUN
583,cat1,piscine,1,NOUN
582,cat1,piece,1,ADJ
581,cat2,eminence,1,NOUN
579,cat1,enfantcommande,1,NOUN
576,cat2,spaquet,1,NOUN
561,cat1,avocat,1,NOUN
575,cat2,travailler,1,VERB
574,cat1,adepte,1,NOUN
573,cat2,ci-dessous,1,ADV
572,cat2,koople,1,NOUN
571,cat2,mariner,1,VERB
570,cat2,offerte,1,NOUN
569,cat1,except√©,1,ADP
568,cat2,noter,1,VERB
567,cat2,boucle,1,NOUN
566,cat2,moulin,1,NOUN
565,cat2,territoire,1,ADJ
564,cat2,deception,1,NOUN
562,cat1,douteur,1,NOUN
528,cat2,gaston,1,PROPN
527,cat2,rencontrer,1,VERB
526,cat1,apeller,1,VERB
472,cat1,sticker,1,VERB
487,cat1,injoingnabl,1,VERB
486,cat1,etiquette,1,NOUN
485,cat2,mi-,1,NOUN
484,cat2,mobilier,1,ADJ
483,cat2,colie,1,VERB
482,cat1,ind√©sirable,1,ADJ
481,cat1,panier,1,NOUN
480,cat1,envoy√©,1,VERB
479,cat1,repartit,1,VERB
478,cat1,antivol,1,PROPN
477,cat1,truc,1,NOUN
476,cat2,shampooing,1,ADJ
473,cat1,rester,1,VERB
471,cat1,cordialemer,1,VERB
490,cat2,allongent,1,ADV
470,cat1,porte-feuilles,1,ADJ
468,cat1,affirme,1,VERB
467,cat1,d√©sol√©,1,NOUN
466,cat1,m.,1,NOUN
465,cat1,immeuble,1,NOUN
463,cat1,bouteille,1,NOUN
462,cat1,remplacer,1,VERB
460,cat1,r√©versible,1,ADJ
459,cat1,cap-breton,1,NOUN
458,cat1,semble,1,VERB
457,cat1,extrer,1,VERB
456,cat2,cadre,1,VERB
455,cat1,pacotille,1,NOUN
489,cat1,faillite,1,NOUN
491,cat1,exceptionnellement,1,ADV
525,cat2,d√©finitif,1,NOUN
509,cat2,certifier,1,VERB
524,cat1,d√©truire,1,NOUN
523,cat1,vpass,1,ADV
522,cat1,precise,1,X
521,cat1,impropre,1,ADJ
520,cat1,hasard,1,NOUN
519,cat1,re-turn,1,NOUN
518,cat1,adress√©,1,VERB
517,cat2,prestation,1,NOUN
516,cat1,finie,1,NOUN
514,cat1,defecteux,1,ADJ
513,cat1,‚òπ,1,SCONJ
512,cat1,üèª,1,ADV
511,cat1,√©trangement,1,ADV
508,cat2,ubuesque,1,ADJ
492,cat1,compliqu√©tout,1,NOUN
507,cat2,oney,1,ADJ
506,cat1,r√©p√©ter,1,VERB
505,cat1,r√©activit√©,1,NOUN
503,cat1,collectif,1,ADJ
502,cat1,pr√©coniser,1,VERB
501,cat1,elly,1,ADV
500,cat1,support,1,NOUN
499,cat1,t√©moignage,1,NOUN
498,cat2,lagostiner,1,VERB
497,cat1,voleur,1,NOUN
496,cat2,gabbana,1,PROPN
494,cat1,fichue,1,NOUN
493,cat1,oeuvre,1,NOUN
299,cat1,accept√©,1,ADJ
297,cat2,d√©composer,1,VERB
594,cat1,injoignablet√©l√©phone,1,NOUN
152,cat2,code,1,NOUN
111,cat2,bouge,1,NOUN
110,cat1,boxer,1,NOUN
109,cat1,respecterremboursemer,1,VERB
108,cat1,livraiser,1,VERB
107,cat2,reimboursement,1,ADV
106,cat1,hurler,1,NOUN
104,cat1,tonnelle,1,ADJ
103,cat1,incompetentj,1,VERB
102,cat1,interroger,1,VERB
100,cat1,persist,1,ADJ
99,cat1,mrd,1,ADJ
97,cat2,üò§,1,ADV
96,cat2,colori,1,VERB
94,cat1,style,1,NOUN
93,cat1,halluciner,1,VERB
92,cat1,pantacourt,1,PROPN
89,cat1,g√¢chis,1,NOUN
88,cat1,remettrai,1,NOUN
87,cat1,tj,1,VERB
86,cat2,fruit,1,NOUN
85,cat2,bcp,1,NOUN
84,cat2,bonobo,1,NOUN
83,cat2,chronophage,1,NOUN
82,cat1,re√ßevoir,1,VERB
81,cat1,prelever,1,VERB
80,cat1,comprenn,1,NOUN
79,cat2,cavalier,1,NOUN
78,cat2,investisseur,1,NOUN
77,cat2,basket,1,NOUN
112,cat2,reexpedier,1,VERB
113,cat2,feuillu,1,NOUN
114,cat2,l√©gitime,1,NOUN
132,cat1,app√¢ter,1,VERB
150,cat1,bluf,1,NOUN
147,cat2,poucette,1,NOUN
146,cat1,amateur,1,NOUN
144,cat1,rater,1,VERB
143,cat2,atterrir,1,VERB
142,cat2,localisation,1,NOUN
141,cat2,r√©gion,1,NOUN
140,cat2,pantalon,1,ADJ
138,cat2,titulaire,1,NOUN
137,cat1,ouverture,1,NOUN
136,cat1,lesd√©lai,1,NOUN
135,cat2,aspirateur,1,NOUN
134,cat2,polo,1,VERB
131,cat1,showrompriver,1,VERB
115,cat2,perfect,1,ADJ
130,cat1,pr√©avis,1,VERB
129,cat1,ill√©galit√©,1,NOUN
128,cat2,sous-traitance,1,NOUN
127,cat2,incompr√©hension,1,NOUN
126,cat2,raboter,1,VERB
125,cat2,r√©clamer,1,VERB
124,cat1,digne,1,ADJ
123,cat1,emmerder,1,VERB
121,cat1,commune,1,NOUN
119,cat1,pseudo,1,NOUN
118,cat1,d√©crire,1,ADJ
117,cat2,intuitif,1,ADJ
116,cat2,rue,1,NOUN
76,cat2,tellement,1,ADV
75,cat2,crochet,1,PROPN
74,cat1,armoir,1,VERB
19,cat1,reduc,1,VERB
34,cat2,canape,1,NOUN
33,cat1,extr√™mement,1,ADV
32,cat1,impatient,1,VERB
31,cat1,inqui√©ter,1,VERB
30,cat2,üò†,1,VERB
29,cat1,emball√©e,1,NOUN
28,cat1,ignore,1,VERB
27,cat2,√©mail,1,NOUN
26,cat2,box,1,NOUN
25,cat1,bruit,1,NOUN
24,cat2,l√¢che,1,NOUN
23,cat1,showroopriver,1,VERB
22,cat2,shooroompriver,1,VERB
18,cat2,mordre,1,VERB
36,cat1,envoie,1,VERB
17,cat1,coude,1,NOUN
16,cat1,actualiser,1,VERB
14,cat1,ceinture,1,NOUN
13,cat1,mat√©riel,1,NOUN
12,cat1,√©diter,1,VERB
11,cat1,supercherie,1,NOUN
9,cat1,vernis,1,PROPN
8,cat1,üòî,1,NOUN
7,cat2,d√©conner,1,VERB
6,cat1,acqu√©rir,1,VERB
5,cat2,collier,1,NOUN
4,cat2,buffet,1,NOUN
3,cat1,royaume,1,PROPN
35,cat2,reler,1,VERB
38,cat1,manufacturer,1,VERB
71,cat1,gruhier,1,NOUN
57,cat1,acheterer,1,VERB
70,cat1,lebon,1,ADJ
69,cat1,babylis,1,ADJ
68,cat1,tailler,1,VERB
67,cat2,m√®r,1,NOUN
66,cat2,livraisonau,1,ADJ
65,cat2,recoller,1,VERB
64,cat1,caract√©ristique,1,NOUN
63,cat2,mentir,1,ADJ
62,cat1,proc√®s,1,NOUN
61,cat1,malgr√®,1,NOUN
60,cat2,tjr,1,ADV
59,cat2,reculer,1,VERB
58,cat2,journee,1,NOUN
56,cat2,balmain,1,NOUN
39,cat1,couette,1,NOUN
55,cat2,payant,1,VERB
54,cat2,pr√©judice,1,NOUN
53,cat2,encha√Æner,1,VERB
51,cat2,arnarqu,1,NOUN
50,cat1,cons√©cutif,1,NOUN
49,cat1,n√©er,1,VERB
48,cat1,abandonne,1,VERB
47,cat2,tchat,1,NOUN
45,cat2,carpette,1,NOUN
44,cat1,profil,1,VERB
42,cat2,your,1,NOUN
41,cat1,r√©torquer,1,VERB
40,cat2,affiler,1,VERB
151,cat1,interrogation,1,NOUN
153,cat2,abonnement,1,VERB
295,cat2,enregistrer,1,VERB
154,cat1,vaisselle,1,ADJ
258,cat2,foutu,1,ADJ
257,cat2,majoritairement,1,ADV
256,cat1,tableau,1,NOUN
255,cat1,courriez,1,VERB
254,cat1,carteem,1,ADJ
253,cat2,aucunes,1,PROPN
251,cat2,gal√®r,1,ADJ
250,cat2,compresser,1,VERB
249,cat2,bagu,1,ADJ
248,cat1,vitretr√®s,1,ADV
246,cat2,luna,1,ADJ
245,cat2,d√©rni√®re,1,NOUN
244,cat1,probl√©me,1,NOUN
243,cat1,arnaquesnum√©ro,1,NOUN
242,cat2,plume,1,ADJ
241,cat1,annul√©e,1,VERB
240,cat2,cacher,1,VERB
239,cat2,ü§®,1,VERB
238,cat2,roue,1,VERB
237,cat2,quils,1,AUX
236,cat2,auchan,1,NOUN
234,cat2,invendus,1,VERB
233,cat1,d√©placement,1,ADV
232,cat1,chambre,1,NOUN
231,cat1,originalit√©,1,NOUN
230,cat2,showroomprivee,1,VERB
229,cat1,m√©fiez,1,NOUN
227,cat1,cadran,1,NOUN
226,cat2,cadence,1,NOUN
259,cat1,dispose,1,VERB
260,cat2,r√©sidence,1,NOUN
261,cat2,jurer,1,VERB
278,cat2,adresser,1,VERB
293,cat1,choquer,1,VERB
292,cat1,fuirproduit,1,NOUN
290,cat1,suivit,1,NOUN
289,cat2,re√ßueaucun,1,ADJ
288,cat1,ü§£,1,NOUN
287,cat1,abser,1,VERB
285,cat2,fermeture,1,NOUN
284,cat2,pyjama,1,NOUN
283,cat2,conception,1,NOUN
282,cat2,si√®ge,1,NOUN
281,cat1,enormement,1,VERB
280,cat1,noter,1,VERB
279,cat1,enfaite,1,NOUN
277,cat2,millilitre,1,NOUN
262,cat2,showroompriv√©cliente,1,NOUN
276,cat1,option,1,NOUN
275,cat2,light,1,NOUN
274,cat2,ouvrable,1,ADJ
273,cat2,surv√™tement,1,ADV
272,cat1,victoria,1,ADJ
271,cat1,connecter,1,VERB
270,cat1,d√©sarroi,1,DET
269,cat1,ressembler,1,VERB
268,cat1,risquer,1,VERB
266,cat1,compl√©tement,1,ADV
265,cat1,üôç,1,NUM
264,cat1,excessivement,1,VERB
263,cat2,samsung,1,ADJ
225,cat2,classique,1,ADJ
224,cat2,covid-,1,VERB
223,cat1,tracasserie,1,NOUN
169,cat2,famille,1,NOUN
187,cat2,investigation,1,NOUN
185,cat2,bad,1,VERB
184,cat2,expiration,1,NOUN
183,cat2,voire,1,CCONJ
182,cat1,desigual,1,NOUN
181,cat2,compr√©hensif,1,ADJ
180,cat2,sachznt,1,NOUN
178,cat2,france,1,NOUN
177,cat2,r√©inscrire,1,ADJ
176,cat2,realisee,1,PROPN
174,cat1,avorte,1,ADJ
173,cat1,inox,1,ADJ
172,cat1,parfum,1,VERB
168,cat1,taquet,1,ADV
189,cat2,jean,1,PROPN
167,cat1,‚Äú,1,PUNCT
166,cat2,cde,1,PROPN
165,cat1,notent,1,ADV
164,cat2,accueillir,1,VERB
163,cat2,agent,1,ADV
162,cat1,aboutiss,1,NOUN
161,cat1,r√©cup√®re,1,ADJ
160,cat1,investigation,1,NOUN
159,cat1,mienne,1,NOUN
158,cat1,pognon,1,VERB
157,cat1,ill√©gal,1,ADJ
156,cat2,h√©ler,1,VERB
155,cat2,gauche,1,NOUN
188,cat2,trous,1,NOUN
190,cat1,commende,1,NOUN
222,cat1,multi-enseigne,1,ADJ
206,cat1,conformit√©,1,NOUN
221,cat2,locatour,1,NOUN
220,cat2,carollne,1,NOUN
219,cat1,posais,1,ADV
218,cat2,üñï,1,ADV
217,cat2,d√©jeuner,1,VERB
216,cat2,plateau,1,NOUN
215,cat2,exp√©diteur,1,NOUN
213,cat2,pq,1,VERB
212,cat2,√©pid√©mie,1,NOUN
211,cat2,maintenir,1,VERB
210,cat1,v√©rit√©,1,VERB
208,cat2,gouvernement,1,NOUN
207,cat1,poussi√®re,1,ADJ
205,cat1,ouvre,1,VERB
191,cat1,cousin,1,VERB
204,cat2,estimer,1,VERB
203,cat1,shworoom,1,VERB
202,cat2,ind√©terminer,1,VERB
201,cat1,interlocuteur,1,NOUN
200,cat2,r√©sume,1,NOUN
199,cat2,chef,1,NOUN
198,cat1,pire,1,ADJ
197,cat1,zaper,1,VERB
196,cat2,charognard,1,ADJ
195,cat2,i_robot,1,ADJ
194,cat2,lampe,1,NOUN
193,cat2,exceptionnelle,1,NOUN
192,cat1,balais,1,AUX
593,cat2,vpcelui,1,PRON
595,cat1,mauvaiscommand,1,NOUN
1164,cat1,r√©ceptionner,1,VERB
1022,cat2,droite,1,NOUN
985,cat1,c√¥t√©,1,NOUN
984,cat2,courtoisie,1,NOUN
982,cat2,ordinateur,1,NOUN
981,cat2,vigueur,1,NOUN
980,cat1,d√©cevant,1,NOUN
979,cat2,investir,1,VERB
978,cat2,spontan√©ment,1,ADV
977,cat1,bloque,1,ADJ
976,cat1,magasindu,1,VERB
975,cat2,spolier,1,NOUN
974,cat2,instance,1,NOUN
973,cat2,rinacimento,1,NOUN
971,cat1,malhonn√™teter,1,VERB
970,cat1,avertissement,1,ADV
969,cat2,showrrompriver,1,VERB
968,cat2,d√©baller,1,VERB
967,cat2,voisin,1,ADJ
966,cat2,secret,1,NOUN
965,cat2,game,1,NOUN
964,cat2,differer,1,VERB
963,cat2,furieux,1,ADJ
962,cat2,clientevidemment,1,ADV
960,cat2,luire,1,ADJ
959,cat2,abstenir,1,VERB
958,cat2,anuler,1,VERB
956,cat2,√Æle,1,SPACE
955,cat2,d√©sinscription,1,NOUN
954,cat2,ulterieurement,1,ADV
953,cat2,pr√©paration,1,NOUN
986,cat1,menteur,1,NOUN
987,cat1,verre,1,NOUN
988,cat2,occurrence,1,NOUN
1005,cat1,expertise,1,ADJ
1020,cat1,d√©ler,1,VERB
1019,cat2,r√™che,1,ADJ
1018,cat1,continue,1,VERB
1017,cat2,industriel,1,ADJ
1016,cat2,e-mails,1,PRON
1015,cat2,jen,1,X
1014,cat2,dardilly,1,NOUN
1012,cat2,qualitatif,1,VERB
1011,cat1,d√©sabonner,1,VERB
1010,cat1,coucher,1,VERB
1008,cat2,coffre,1,VERB
1007,cat1,nulle,1,NOUN
1006,cat1,livr√©,1,VERB
1004,cat2,organisation,1,NOUN
989,cat1,exag√©rer,1,VERB
1002,cat2,degrer,1,VERB
1001,cat1,restituer,1,VERB
1000,cat2,camping,1,ADJ
999,cat2,sale,1,ADJ
998,cat1,contexte,1,NOUN
997,cat2,nullit√©,1,NOUN
996,cat2,trustpilotienne,1,VERB
995,cat2,dosette,1,NOUN
994,cat2,marsma,1,PROPN
993,cat1,incapacit√©,1,NOUN
992,cat2,froidement,1,ADV
991,cat2,rassurant,1,ADJ
990,cat2,impasse,1,VERB
952,cat1,habituel,1,ADJ
951,cat1,d√©former,1,VERB
950,cat1,amazon,1,PROPN
895,cat2,urgence,1,NOUN
910,cat1,jouer,1,VERB
908,cat1,dur√©e,1,NOUN
907,cat2,violence,1,NOUN
906,cat2,m√©moire,1,NOUN
905,cat2,bois,1,NOUN
904,cat2,rejoindre,1,VERB
903,cat1,d√©clarent,1,ADV
901,cat2,de√ßue,1,VERB
900,cat1,c'est-√†-dire,1,PRON
899,cat1,limite,1,NOUN
898,cat1,origine,1,NOUN
897,cat1,r√©√ßu,1,NOUN
896,cat2,sal√©,1,ADV
894,cat2,pler,1,VERB
912,cat2,baissent,1,NOUN
893,cat2,difficilemer,1,VERB
892,cat2,performer,1,VERB
891,cat2,or√©al,1,VERB
890,cat2,faillite,1,NOUN
888,cat1,airness,1,VERB
887,cat1,sourd,1,NOUN
886,cat2,illimit√©,1,ADJ
885,cat1,comprenez,1,VERB
884,cat1,int√©gralit√©,1,NOUN
883,cat1,couture,1,NOUN
882,cat1,naudet,1,ADV
881,cat1,proc√©d√©,1,VERB
880,cat1,horreur,1,NOUN
911,cat1,rabais,1,ADJ
913,cat2,curiosit√©,1,VERB
949,cat2,skinny,1,VERB
932,cat2,superbe,1,VERB
948,cat2,d√©fectueuser,1,VERB
947,cat1,obligation,1,NOUN
946,cat1,‚Äù,1,PUNCT
945,cat2,menssonge,1,NOUN
943,cat2,p√©nible,1,ADJ
942,cat2,pand√©mie,1,NOUN
941,cat1,perdu,1,VERB
940,cat1,structure,1,NOUN
938,cat1,r√©p√®ter,1,VERB
937,cat1,inverser,1,VERB
936,cat1,ufc,1,SPACE
934,cat2,espadriller,1,VERB
933,cat1,ere,1,NOUN
931,cat2,surcro√Æt,1,ADJ
916,cat2,monn,1,ADJ
930,cat1,deplorabl,1,NOUN
929,cat1,d√©tourner,1,VERB
928,cat1,silence,1,NOUN
927,cat2,mensualit√©,1,NOUN
925,cat2,inviter,1,VERB
924,cat1,irresponsable,1,NOUN
923,cat1,agr√©able,1,ADJ
922,cat1,destiner,1,VERB
921,cat2,dame,1,ADJ
920,cat2,charlie,1,VERB
919,cat2,bordereau,1,NOUN
918,cat2,cama√Øeu,1,NOUN
917,cat1,guise,1,VERB
1021,cat1,visage,1,NOUN
1023,cat2,utilitaire,1,ADJ
878,cat1,derni√®rement,1,ADV
1024,cat1,libert√©,1,NOUN
1125,cat2,recontacter,1,VERB
1124,cat1,pourrir,1,VERB
1123,cat1,apr√®s-vent,1,ADV
1122,cat2,devis,1,NOUN
1121,cat1,marre,1,NOUN
1120,cat1,attestation,1,NOUN
1119,cat2,gstar,1,NOUN
1118,cat2,recoit,1,VERB
1117,cat1,campagne,1,NOUN
1116,cat2,levre,1,NOUN
1115,cat1,correspondre,1,VERB
1114,cat1,argent√©,1,VERB
1113,cat1,gardai,1,NOUN
1112,cat1,d√©-conseil,1,NOUN
1111,cat1,route,1,NOUN
1109,cat2,autoroute,1,NOUN
1108,cat1,d√©risoire,1,ADJ
1107,cat1,priori,1,NOUN
1106,cat2,imprimant,1,VERB
1105,cat2,loulou,1,NOUN
1104,cat2,‚õî,1,NUM
1103,cat2,c√¢ble,1,ADJ
1102,cat2,contentieux,1,ADJ
1101,cat1,d√©p√¥t,1,NOUN
1100,cat2,appropri√©,1,VERB
1,cat1,occupe,1,NOUN
1098,cat2,kitchenaid,1,NOUN
1097,cat1,revien,1,ADJ
1096,cat1,validee,1,PROPN
1126,cat1,erroner,1,VERB
1128,cat2,camel,1,ADJ
1129,cat1,lik,1,SPACE
1148,cat2,cm,1,NOUN
1163,cat1,fixer,1,AUX
1161,cat1,comanderer,1,VERB
1160,cat1,chercher,1,VERB
1159,cat1,incident,1,VERB
1158,cat2,pretty,1,VERB
1157,cat1,portail,1,NOUN
1156,cat1,avril,1,NOUN
1154,cat1,aupr√®s,1,ADV
1153,cat2,showrompriv√©,1,VERB
1152,cat2,subir,1,VERB
1151,cat2,posent,1,ADV
1150,cat2,semelle,1,ADJ
1149,cat2,r√©eller,1,VERB
1147,cat1,barr,1,NOUN
1130,cat1,jutificatif,1,NOUN
1146,cat1,r√©sultat,1,NOUN
1145,cat1,consid√®re,1,NOUN
1144,cat1,affirmer,1,VERB
1143,cat2,office,1,NOUN
1142,cat2,taiilesla,1,ADJ
1141,cat1,diff√©rente,1,ADJ
1140,cat2,s√©rum,1,VERB
1137,cat2,peuple,1,NOUN
1135,cat2,marron,1,NOUN
1134,cat1,pr√©l√®vement,1,ADV
1133,cat1,automatique,1,ADJ
1132,cat2,jusque-l√†,1,ADV
1131,cat2,comble,1,ADJ
1095,cat1,novembre,1,NOUN
1094,cat2,minelli,1,VERB
1092,cat1,end√©an,1,VERB
1040,cat2,probl√®mecepender,1,VERB
1055,cat2,flacon,1,NOUN
1054,cat1,d√©bloquer,1,VERB
1053,cat2,diango,1,PROPN
1052,cat2,d√©pot,1,ADJ
1051,cat2,reebook,1,VERB
1050,cat1,zo√©,1,NOUN
1049,cat1,√©coute,1,NOUN
1048,cat1,discours,1,NOUN
1045,cat2,cgv,1,NOUN
1044,cat1,honorer,1,VERB
1043,cat1,boucleur,1,NOUN
1042,cat1,pochon,1,VERB
1041,cat2,quoique,1,PRON
1039,cat2,chgt,1,VERB
1057,cat1,accidenter,1,VERB
1038,cat2,compassion,1,NOUN
1037,cat1,d√©t√©riore,1,NOUN
1036,cat2,incessant,1,VERB
1035,cat2,bien-sur,1,NOUN
1034,cat1,horloge,1,NOUN
1033,cat1,connaitre,1,NOUN
1032,cat1,demmande,1,VERB
1031,cat2,rancunier,1,NOUN
1030,cat2,lui-m√™me,1,SPACE
1029,cat2,casque,1,NOUN
1028,cat2,vraie,1,VERB
1027,cat2,emballer,1,VERB
1026,cat2,gold,1,VERB
1056,cat2,younger,1,VERB
1058,cat2,vapeur,1,NOUN
1091,cat1,refaire,1,NOUN
1076,cat1,moqu,1,VERB
1090,cat2,dijoyer,1,VERB
1089,cat1,kaki,1,NOUN
1088,cat2,perduj,1,X
1087,cat2,inscrit,1,VERB
1086,cat1,t√©l√©phonique,1,ADJ
1085,cat1,body,1,NOUN
1084,cat1,paiemer,1,VERB
1083,cat2,xr,1,PROPN
1081,cat1,bouffon,1,NOUN
1080,cat1,s√ªr,1,ADJ
1079,cat1,veepeeref,1,ADP
1078,cat2,policier,1,NOUN
1077,cat1,programmer,1,VERB
1075,cat2,irr√©parable,1,ADJ
1059,cat1,fortement,1,ADV
1074,cat1,pratiquement,1,ADV
1073,cat2,dossier,1,NOUN
1072,cat2,laine,1,NOUN
1069,cat1,cours,1,NOUN
1068,cat1,livrable,1,ADJ
1067,cat2,queue,1,NOUN
1066,cat1,moche,1,NOUN
1065,cat1,abonner,1,VERB
1064,cat1,rentre,1,VERB
1063,cat2,derailler,1,VERB
1062,cat2,antivol,1,PROPN
1061,cat2,rupture,1,NOUN
1060,cat2,pivotant,1,VERB
879,cat1,arnaquereur,1,NOUN
877,cat2,evidente,1,ADJ
596,cat2,performance,1,NOUN
731,cat2,ski,1,ADV
695,cat2,reconfirme,1,VERB
694,cat1,botte,1,NOUN
693,cat1,monoprix,1,NOUN
692,cat1,disent,1,ADV
690,cat2,√©thique,1,NOUN
689,cat2,volontier,1,NOUN
688,cat2,regrettable,1,ADJ
687,cat2,comparaison,1,NOUN
686,cat2,r√©puter,1,VERB
685,cat2,faille,1,NOUN
684,cat2,europe,1,PROPN
683,cat2,tablette,1,NOUN
682,cat2,iphone,1,ADJ
681,cat2,salle,1,NOUN
680,cat1,ventilateur,1,ADJ
679,cat1,√©nerver,1,VERB
678,cat2,illicado,1,ADJ
677,cat1,cosm√©tique,1,ADJ
675,cat2,veepeessss,1,VERB
674,cat2,d√©sormais,1,ADV
673,cat2,p√¢ques,1,NOUN
672,cat2,execrabl,1,NOUN
671,cat2,grave,1,ADJ
670,cat1,abus√©,1,NOUN
669,cat1,gentiment,1,NOUN
668,cat1,vestimentaire,1,ADJ
667,cat2,ouverture,1,NOUN
666,cat2,arnaqueplusieurs,1,ADV
665,cat1,univers,1,NOUN
696,cat2,d√©sinstaller,1,VERB
697,cat1,ao√ªt,1,NOUN
698,cat2,üëè,1,PROPN
716,cat2,habituel,1,ADJ
729,cat2,ouvertement,1,ADV
728,cat2,indigent,1,ADV
727,cat1,diamer,1,VERB
726,cat2,ash,1,NOUN
725,cat1,gemo,1,ADJ
724,cat1,teleconseiller,1,VERB
723,cat2,personnel,1,NOUN
722,cat1,surevalu√©,1,ADJ
721,cat2,mood,1,NOUN
720,cat2,neuf,1,VERB
719,cat1,reservation,1,NOUN
718,cat2,dimanche,1,NOUN
717,cat2,gonflai,1,VERB
715,cat2,hugo,1,NOUN
699,cat2,vepee,1,ADJ
714,cat2,assurance,1,NOUN
712,cat2,volumineux,1,ADJ
711,cat2,preciser,1,VERB
710,cat2,parfois,1,ADV
708,cat1,doubl√©,1,VERB
707,cat1,charg√©,1,VERB
706,cat2,agence,1,NOUN
705,cat1,aliment,1,ADV
704,cat2,balade,1,NOUN
703,cat2,assidu,1,VERB
702,cat1,correpsond,1,NOUN
701,cat2,veritable,1,ADJ
700,cat1,escort,1,NOUN
664,cat2,fdp,1,AUX
663,cat2,organisateur,1,NOUN
662,cat1,derni√®res,1,ADJ
611,cat1,faitejuste,1,NOUN
626,cat2,trench,1,NOUN
625,cat2,simulateur,1,NOUN
624,cat1,√©vasif,1,NOUN
623,cat2,reprendre,1,VERB
620,cat1,revoir,1,VERB
619,cat2,sant√©,1,NOUN
618,cat2,hortensia,1,PROPN
617,cat1,essayer,1,VERB
616,cat2,merveilleuse,1,ADJ
615,cat1,facilement,1,ADV
614,cat1,indisponible,1,ADJ
613,cat1,hdans,1,PROPN
612,cat1,plante,1,ADJ
610,cat1,joindrecoli,1,VERB
628,cat2,macbook,1,NOUN
609,cat1,tondeus,1,PROPN
608,cat2,tarer,1,VERB
607,cat1,peter,1,VERB
606,cat1,party,1,VERB
605,cat1,int√©gralemer,1,VERB
604,cat2,trouer,1,VERB
603,cat1,longchamp,1,VERB
602,cat1,prevenir,1,VERB
601,cat1,easycartouche,1,ADJ
600,cat1,bracelet,1,NOUN
599,cat1,cependant,1,ADV
598,cat1,loyer,1,VERB
597,cat1,chantelle,1,ADJ
627,cat1,lenteur,1,ADJ
629,cat1,fuirvoleur,1,NOUN
661,cat2,bjr,1,VERB
646,cat1,preparation,1,NOUN
660,cat2,aper√ßoi,1,PROPN
659,cat1,non-conformit√©,1,NOUN
658,cat2,photoweb,1,ADJ
656,cat1,dedoin√©,1,VERB
655,cat2,machine,1,NOUN
654,cat1,millionnaire,1,ADJ
653,cat1,¬¥,1,SPACE
652,cat1,apple,1,NOUN
651,cat1,dolcegusto,1,ADJ
650,cat1,ventepriv√©,1,VERB
649,cat1,palme,1,VERB
648,cat1,ducoup,1,NOUN
647,cat1,v√©los,1,VERB
645,cat2,rediriger,1,VERB
630,cat1,enfuir,1,NOUN
644,cat2,vitrine,1,NOUN
643,cat1,pr√©c√©demment,1,ADV
642,cat1,doublemer,1,VERB
641,cat2,trace,1,PROPN
640,cat1,ü§¨,1,SPACE
639,cat2,manquante,1,ADJ
637,cat1,d√©border,1,VERB
636,cat1,sia,1,SPACE
635,cat2,commade,1,NOUN
634,cat1,moindre,1,VERB
633,cat2,impressionant,1,VERB
632,cat2,r√©ponseappel,1,NOUN
631,cat2,pr√©carit√©,1,NOUN
730,cat2,i.,1,NOUN
732,cat1,ballader,1,VERB
876,cat2,d√©verrouillage,1,NOUN
733,cat1,√©norm√©ment,1,NOUN
841,cat2,fraisau,1,VERB
840,cat2,recycler,1,VERB
839,cat1,principe,1,NOUN
838,cat2,√©vidence,1,NOUN
837,cat1,entame,1,NOUN
836,cat1,soutien,1,ADJ
835,cat2,vachemer,1,VERB
834,cat2,consolation,1,NOUN
833,cat2,m√©priser,1,VERB
831,cat2,contrefait,1,VERB
830,cat2,garantie,1,NOUN
829,cat2,installation,1,NOUN
828,cat2,decouvrir,1,VERB
827,cat1,document,1,NOUN
826,cat2,b√¢teau,1,NOUN
824,cat1,r√©pond,1,VERB
823,cat1,recontacter,1,VERB
822,cat2,reconnecte,1,ADJ
821,cat2,bop,1,DET
820,cat2,tapis,1,NOUN
819,cat1,cb,1,PRON
818,cat1,reconnaissance,1,NOUN
817,cat2,pale,1,ADJ
816,cat2,retracer,1,VERB
815,cat1,voyou,1,NOUN
814,cat2,directemnt,1,AUX
813,cat1,ekle,1,NOUN
812,cat1,parisien,1,ADJ
810,cat1,g√©rer,1,VERB
842,cat2,innommable,1,ADJ
843,cat1,sauf,1,ADP
844,cat1,foutage,1,VERB
860,cat2,d√©couvrir,1,VERB
875,cat2,recredite,1,NOUN
874,cat2,bermuda,1,NOUN
873,cat2,jeu,1,NOUN
872,cat1,accuser,1,VERB
871,cat1,consterner,1,VERB
870,cat1,printemps,1,NOUN
869,cat1,b√©ret,1,NOUN
867,cat1,√©cologique,1,ADJ
866,cat2,guetter,1,VERB
864,cat1,r√©soudre,1,VERB
863,cat2,l√©gume,1,NOUN
862,cat2,d√©bile,1,ADJ
861,cat2,constructeur,1,NOUN
859,cat1,literie,1,NOUN
845,cat1,masque,1,ADJ
858,cat2,lunette,1,NOUN
857,cat1,eclat,1,NOUN
856,cat1,derniere,1,VERB
855,cat2,versee,1,NOUN
854,cat2,horrible,1,ADJ
853,cat2,srp,1,ADJ
852,cat2,fila,1,PROPN
851,cat2,recois,1,AUX
850,cat2,barre,1,NOUN
849,cat1,enlevement,1,VERB
848,cat1,tellement,1,ADV
847,cat1,t√©l√©conseiller,1,VERB
846,cat1,attaquerai,1,NOUN
809,cat2,descendre,1,VERB
808,cat2,coconut,1,VERB
807,cat2,raconter,1,VERB
750,cat2,renvoient,1,ADV
763,cat2,invent,1,VERB
762,cat2,fils,1,NOUN
761,cat2,aussit√¥t,1,ADV
760,cat2,tee,1,ADV
759,cat1,estimation,1,NOUN
758,cat1,d√©muni,1,NOUN
757,cat2,voyagiste,1,NOUN
756,cat1,winter,1,VERB
755,cat1,pr√©venir,1,VERB
754,cat1,jeu,1,NOUN
753,cat1,marqueune,1,NOUN
752,cat2,reconditionner,1,VERB
751,cat1,rare,1,NOUN
749,cat2,etaient,1,ADV
765,cat2,√©viteril,1,NOUN
748,cat2,menace,1,NOUN
747,cat2,n√©gligence,1,NOUN
746,cat1,ttender,1,VERB
745,cat1,raccroche,1,NOUN
744,cat1,le√ßon,1,NOUN
742,cat1,enrager,1,VERB
741,cat1,cr√©merie,1,NOUN
740,cat1,compr√©hensif,1,ADJ
739,cat2,drap,1,NOUN
737,cat1,veepeecommande,1,VERB
736,cat1,concevoir,1,VERB
735,cat2,laborieux,1,ADJ
734,cat2,colonne,1,ADJ
764,cat2,tocards,1,NOUN
766,cat2,york,1,NOUN
806,cat1,v√™tement,1,VERB
789,cat1,√©picerie,1,NOUN
805,cat1,senser,1,VERB
804,cat1,repond,1,VERB
803,cat2,üò®,1,VERB
800,cat2,fatiguer,1,VERB
799,cat1,craquement,1,NOUN
798,cat2,malodorer,1,VERB
797,cat1,bateau,1,NOUN
796,cat2,pdt,1,VERB
795,cat2,seron,1,NOUN
794,cat2,juin.-,1,PROPN
793,cat1,frauduleux,1,ADJ
791,cat1,cde,1,PROPN
790,cat2,√©norm√©mer,1,VERB
788,cat1,dilettante,1,ADJ
767,cat2,qualites,1,DET
786,cat1,standard,1,ADJ
785,cat1,reliquat,1,VERB
784,cat1,co√ªter,1,VERB
782,cat1,conjoint,1,NOUN
780,cat2,enchantement,1,VERB
778,cat2,livreur,1,NOUN
777,cat1,bienvenu,1,VERB
776,cat2,mercredi,1,NOUN
775,cat1,intervenir,1,VERB
774,cat2,cocktail,1,NOUN
773,cat1,contreje,1,VERB
772,cat1,polluer,1,VERB
770,cat2,re√ßoi,1,VERB
2198,cat2,priv√©emer,1,VERB
